"Source","Category of Data","Details to Extract","How to Extract (Command / API / Method)","Native Export Format","What to Download (Record Set)","How to Download","RDBMS Table Name","RDBMS Schema & Column Types","Vulnerability / Audit Check Criteria","MITRE ATT&CK Mapping","MITRE D3FEND Mapping","Tool Limitations & Analysis Notes"
"AWS","Identity & Access Management","IAM Policy Documents & Attached Policies","aws iam get-account-authorization-details --output json","JSON","Account authorization state: Users, Groups, Roles, Managed Policies, Inline Policies","CLI: aws iam get-account-authorization-details --output json OR AWS SDK (Boto3: iam.get_account_authorization_details())","aws_iam_policies","policy_id VARCHAR(64) PRIMARY KEY, policy_name VARCHAR(128), entity_type VARCHAR(32), entity_name VARCHAR(128), is_attached BOOLEAN, document_json JSONB, created_at TIMESTAMP","Identify customer-managed policies with wildcard permissions ('Resource: *' with 'Action: *') or admin rights assigned directly to users instead of groups.","T1078 (Valid Accounts), T1098 (Account Manipulation), T1484 (Domain Policy Modification)","D3-IAM (Identity & Access Management), D3-POA (Policy Access Control)","get-account-authorization-details is paginated if response > 1MB. Requires 'iam:GetAccountAuthorizationDetails' permission."
"AWS","Network Configuration","VPC Security Groups & Network ACLs","aws ec2 describe-security-groups --output json","JSON","Security Group IDs, VPC IDs, Ingress Rules (IPPermissions), Egress Rules (IPPermissionsEgress), Tags","CLI: aws ec2 describe-security-groups --output json OR AWS SDK (ec2.describe_security_groups())","aws_security_groups","group_id VARCHAR(64) PRIMARY KEY, vpc_id VARCHAR(64), group_name VARCHAR(128), direction VARCHAR(8), protocol VARCHAR(16), from_port INT, to_port INT, cidr_ipv4 VARCHAR(32), cidr_ipv6 VARCHAR(64), rule_json JSONB","Check for rules allowing unrestricted ingress ('0.0.0.0/0' or '::/0') on administrative ports like TCP/22 (SSH) and TCP/3389 (RDP).","T1190 (Exploit Public-Facing Application), T1021 (Remote Services - SSH/RDP)","D3-NI (Network Ingress Filtering), D3-FBR (Firewall Rule Analysis)","Requires 'ec2:DescribeSecurityGroups' and 'ec2:DescribeNetworkAcls' across all active AWS regions."
"AWS","Auditing & Logging","CloudTrail Logs & Trail Configuration","aws cloudtrail describe-trails --output json","JSON","Trail ARN, Name, S3BucketName, IsMultiRegionTrail, LogFileValidationEnabled, KmsKeyId, HomeRegion, IsLogging","CLI: aws cloudtrail describe-trails --output json && aws cloudtrail get-trail-status --name <trail>","aws_cloudtrail_configs","trail_arn VARCHAR(256) PRIMARY KEY, trail_name VARCHAR(128), s3_bucket VARCHAR(128), is_multi_region BOOLEAN, log_validation_enabled BOOLEAN, kms_key_id VARCHAR(256), is_logging BOOLEAN, config_json JSONB","Verify that at least one multi-region trail is configured, active, and logs are write-protected (Log File Validation enabled).","T1562.001 (Impair Defenses: Disable or Modify Tools)","D3-AL (Auditing and Logging), D3-LVA (Log Validation)","Only reports trail metadata, not log events. Combine with CloudTrail Event History or Athena for deep telemetry audit."
"Azure","Identity & Access Management","Subscription & Resource Role Assignments (RBAC)","az role assignment list --all --output json","JSON","Role Assignment ID, PrincipalId, PrincipalType, RoleDefinitionId, RoleDefinitionName, Scope, SubscriptionId","CLI: az role assignment list --all --output json OR Azure Resource Graph / REST API GET /subscriptions/{subId}/providers/Microsoft.Authorization/roleAssignments","azure_rbac_assignments","assignment_id VARCHAR(256) PRIMARY KEY, principal_id VARCHAR(64), principal_type VARCHAR(32), principal_name VARCHAR(128), role_name VARCHAR(128), scope VARCHAR(512), subscription_id VARCHAR(64), is_guest BOOLEAN","Identify guest or unmanaged accounts containing Owner or Contributor roles directly assigned at subscription scopes.","T1078 (Valid Accounts), T1098 (Account Manipulation)","D3-IAM (Identity & Access Management), D3-POA (Policy Access Control)","Requires 'Microsoft.Authorization/roleAssignments/read' across subscriptions. Guest users require cross-referencing with Entra ID user object state."
"Azure","Network Configuration","Network Security Group (NSG) Rules & Peering Configs","az graph query -q ""Resources | where type =~ 'Microsoft.Network/networkSecurityGroups'""","JSON","NSG ID, Name, ResourceGroup, SubnetBindings, SecurityRules (Access, Direction, Priority, SourceAddressPrefix, DestinationPortRange, Protocol), VNet Peerings","CLI: az graph query -q ""Resources | where type =~ 'Microsoft.Network/networkSecurityGroups'"" OR REST API GET /providers/Microsoft.Network/networkSecurityGroups","azure_nsg_rules","rule_id VARCHAR(256) PRIMARY KEY, nsg_id VARCHAR(256), nsg_name VARCHAR(128), priority INT, direction VARCHAR(16), access VARCHAR(16), source_prefix VARCHAR(64), dest_port_range VARCHAR(64), protocol VARCHAR(16), raw_rule JSONB","Identify NSGs allowing open ingress on administration ports, and check for unencrypted cross-subscription VNET peerings.","T1190 (Exploit Public-Facing Application), T1021 (Remote Services)","D3-NI (Network Ingress Filtering), D3-FBR (Firewall Rule Analysis)","Resource Graph API is subject to query throttling. NetworkWatcher data recommended for live flow monitoring."
"Azure","Auditing & Logging","Diagnostic Settings & Activity Log Alerts","az monitor diagnostic-settings list --resource <resource_id>","JSON","Setting ID, ResourceId, WorkspaceId, StorageAccountId, EventHubName, Logs (Category, Enabled, RetentionPolicy)","CLI: az monitor diagnostic-settings list --resource <resource_id> OR az monitor activity-log alert list","azure_diagnostic_settings","setting_id VARCHAR(256) PRIMARY KEY, resource_id VARCHAR(512), workspace_id VARCHAR(256), storage_account VARCHAR(256), log_categories JSONB, alerts_enabled BOOLEAN","Ensure administrative write events (such as resource creation or policy changes) trigger SIEM forwarding and security alerts.","T1562.001 (Impair Defenses), T1562.008 (Disable Cloud Logs)","D3-AL (Auditing and Logging), D3-SCA (Security Control Auditing)","Must iterate across all Azure resource types or query Azure Resource Graph for comprehensive coverage."
"GCP","Identity & Access Management","Project & Folder level IAM Policies","gcloud projects get-iam-policy <project_id> --format=json","JSON","ETag, Bindings (Role, Members [user:, serviceAccount:, group:, domain:, allUsers]), AuditConfigs","CLI: gcloud projects get-iam-policy <project_id> --format=json OR GCP Asset Inventory API (gcloud asset search-all-iam-policies)","gcp_iam_bindings","binding_id VARCHAR(128) PRIMARY KEY, project_id VARCHAR(64), role VARCHAR(128), member_type VARCHAR(32), member_email VARCHAR(128), condition JSONB, policy_etag VARCHAR(64)","Identify wildcard bindings or external Gmail accounts assigned Editor or Owner roles at the project root.","T1078 (Valid Accounts), T1098 (Account Manipulation)","D3-IAM (Identity & Access Management), D3-POA (Policy Access Control)","Direct project query misses inherited folder/organization policies. Asset Inventory API provides unified inheritance view."
"GCP","Network Configuration","VPC Firewall Rules","gcloud compute firewall-rules list --format=json","JSON","Rule ID, Name, Network, Direction, Priority, SourceRanges, Allowed/Denied Protocols & Ports, Disabled, TargetTags","CLI: gcloud compute firewall-rules list --format=json OR Compute Engine REST API GET /projects/{project}/global/firewalls","gcp_firewall_rules","rule_id VARCHAR(128) PRIMARY KEY, project_id VARCHAR(64), rule_name VARCHAR(128), direction VARCHAR(16), action VARCHAR(16), priority INT, source_ranges JSONB, allowed_ports JSONB, is_disabled BOOLEAN","Check for firewall rules with 'sourceRanges' set to '0.0.0.0/0' combined with port 22 or 3389 open.","T1190 (Exploit Public-Facing Application), T1021.001/002 (SSH/RDP)","D3-NI (Network Ingress Filtering), D3-FBR (Firewall Rule Analysis)","Hierarchical firewall policies at organization/folder levels can override VPC rules and must be queried separately."
"GCP","Auditing & Logging","Cloud Logging Sinks","gcloud logging sinks list --format=json","JSON","Sink Name, Destination (storage.googleapis.com, pubsub.googleapis.com, bigquery.googleapis.com), Filter, WriterIdentity, Disabled","CLI: gcloud logging sinks list --format=json OR Cloud Logging API GET /v2/projects/{project}/sinks","gcp_logging_sinks","sink_name VARCHAR(128) PRIMARY KEY, project_id VARCHAR(64), destination VARCHAR(256), filter_text TEXT, writer_identity VARCHAR(128), is_disabled BOOLEAN","Verify project audit logs are actively streamed to a centralized bucket, Pub/Sub, or BigQuery sink for compliance auditing.","T1562.001 (Impair Defenses)","D3-AL (Auditing and Logging)","Check sink filters to ensure audit logs (cloudaudit.googleapis.com) are not excluded by log exclusion rules."
"HashiCorp Vault","Server Settings","Listener and Storage Configs","Local file read of 'vault.hcl'","HCL / JSON","Listener stanza (tcp, tls_disable, tls_cert_file, address), Storage stanza (raft, consul, storage_path), disable_mlock, api_addr","File Read: /etc/vault.d/vault.hcl OR API GET /v1/sys/health & GET /v1/sys/config/state (Vault Enterprise)","vault_server_configs","config_id VARCHAR(64) PRIMARY KEY, hostname VARCHAR(128), tls_disable BOOLEAN, disable_mlock BOOLEAN, storage_type VARCHAR(32), listener_address VARCHAR(128), config_raw TEXT","Verify memory locking ('disable_mlock = false') is enabled and TLS listeners are enforced ('tls_disable = 0').","T1552 (Unsecured Credentials), T1003 (OS Credential Dumping)","D3-MEN (Memory Encryption/Locking), D3-DEC (Data Encryption in Transit)","Direct HCL file read requires root/admin filesystem access on Vault nodes. API alternatives require root/sudo policy."
"HashiCorp Vault","Access Control","ACL Policies","vault policy list && vault policy read <policy_name>","HCL / JSON","Policy Name, Rules (Path, Capabilities: create, read, update, delete, list, sudo, deny, Allowed/Denied Parameters)","CLI: vault policy list -format=json && vault policy read <name> -format=json OR API GET /v1/sys/policies/acl","vault_acl_policies","policy_name VARCHAR(128) PRIMARY KEY, path_pattern VARCHAR(256), capabilities JSONB, allowed_parameters JSONB, raw_hcl TEXT","Scan policy definitions for wildcard write/sudo privileges (e.g. path 'secret/data/*' with capability 'write' or 'sudo').","T1078 (Valid Accounts), T1098 (Account Manipulation)","D3-POA (Policy Access Control), D3-IAM (Identity & Access Management)","Requires Vault Token with 'sys/policies/acl' read permissions. Parse HCL into structured paths for automated evaluation."
"HashiCorp Vault","Auditing & Logging","Active Audit Devices","vault audit list -format=json","JSON","Audit Device Path, Type (file, syslog, socket), Description, Options (file_path, prefix, log_raw, format)","CLI: vault audit list -format=json OR API GET /v1/sys/audit","vault_audit_devices","device_path VARCHAR(128) PRIMARY KEY, type VARCHAR(32), description TEXT, options JSONB, is_active BOOLEAN","Ensure system audit logging is enabled and outputs to secure remote logging endpoints (e.g., Syslog or immutable file).","T1562.001 (Impair Defenses)","D3-AL (Auditing and Logging)","If no audit device is enabled, Vault drops all request/response audit trails. Requires 'sys/audit' read privileges."
"BeyondTrust","Privileged Access Management","Checked-out Privileged Accounts & Active RDP/SSH Sessions","API Call: GET https://beyondtrust.company.lan/api/v1/active-sessions","JSON","SessionId, UserID, AccountName, SystemName, Protocol (RDP/SSH), StartTime, MaxCheckoutDuration, TicketNumber, AccessType, Status","API: GET /api/v1/active-sessions & GET /api/v1/requests (Auth via OAuth Token / API Key header)","beyondtrust_active_sessions","session_id VARCHAR(128) PRIMARY KEY, user_id VARCHAR(64), account_name VARCHAR(128), target_system VARCHAR(128), protocol VARCHAR(16), start_time TIMESTAMP, max_duration_mins INT, ticket_number VARCHAR(64), status VARCHAR(32)","Check for checked-out credentials that have exceeded maximum check-out window or active sessions operating without matching ITSM ticket numbers.","T1078 (Valid Accounts), T1021 (Remote Services)","D3-PAM (Privileged Access Management), D3-SBM (Session Behavior Monitoring)","Requires REST API User with 'Audit Reader' / 'Session Manager' role in BeyondTrust PasswordSafe / Privileged Remote Access."
"SailPoint","Identity Governance","Identity Entitlement Profiles & Mappings","API Call: GET https://tenant.api.identitynow.com/v3/public-identities","JSON","Identity ID, Name, Email, LifecycleState (Active, Terminated), JobTitle, Entitlements (Source, Attribute, Value), CertificationStatus","API: GET /v3/public-identities & GET /v3/entitlement-assignments (OAuth2 Bearer Token)","sailpoint_identities","identity_id VARCHAR(128) PRIMARY KEY, name VARCHAR(128), email VARCHAR(128), lifecycle_state VARCHAR(32), title VARCHAR(128), entitlements JSONB, last_certification_date TIMESTAMP","Identify users retaining administrative roles ('AWS-Admin', 'Domain-Admin') who are marked as terminated in HR databases or have failed entitlement recertifications.","T1078 (Valid Accounts), T1098 (Account Manipulation)","D3-IAM (Identity & Access Management), D3-UAR (User Access Recertification)","Requires IdentityNow API Personal Access Token (PAT) with 'idn:identity:read' and 'idn:entitlement:read' scopes."
"Active Directory","Identity & Access Management","User Object Attributes & Domain Group Memberships","Get-ADUser -Filter * -Properties MemberOf, PasswordLastSet, PasswordNeverExpires | ConvertTo-Json","JSON / CSV","SamAccountName, DistinguishedName, Enabled, PasswordLastSet, PasswordNeverExpires, LastLogonDate, MemberOf (Group DNs), UserAccountControl","PowerShell: Get-ADUser -Filter * -Properties MemberOf, PasswordLastSet, PasswordNeverExpires, LastLogonDate, Enabled | ConvertTo-Json OR LDAP Query","ad_users","sam_account_name VARCHAR(128) PRIMARY KEY, dn VARCHAR(512), enabled BOOLEAN, password_last_set TIMESTAMP, password_never_expires BOOLEAN, last_logon_date TIMESTAMP, member_of JSONB, uac_flags INT","Scan for active accounts with 'PasswordNeverExpires = True' or members in privileged groups (e.g., Domain Admins) who are not actively used.","T1078 (Valid Accounts), T1201 (Password Policy Discovery), T1069 (Group Discovery)","D3-IAM (Identity & Access Management), D3-PMP (Password Management Policy)","Large AD environments require pagination (-ResultPageSize 1000) or Active Directory PowerShell Module installed on collector host."
"Active Directory","Group Policy Object Configuration","GPO Backup Files & Registry Mappings","Get-GPOReport -All -ReportType Xml -Path C:\gpo_backup\report.xml","XML / JSON","GPO ID, DisplayName, SecurityFiltering, ExtensionData (Registry Settings: LSA Protection, ScriptBlockLogging, PowerShell Transcription, LM Compatibility)","PowerShell: Get-GPOReport -All -ReportType Xml -Path C:\gpo_backup\report.xml OR Backup-GPO -All -Path <dir>","ad_gpo_reports","gpo_id VARCHAR(128) PRIMARY KEY, gpo_name VARCHAR(256), gpo_status VARCHAR(32), lsa_protection_enabled BOOLEAN, ps_transcription_enabled BOOLEAN, ps_scriptblock_logging BOOLEAN, lm_hash_level INT, raw_xml TEXT","Check for missing GPO configurations, such as missing LSA protection, disabled PowerShell transcriptions, or LM hashing compatibility enabled.","T1484.001 (Group Policy Modification), T1562 (Impair Defenses)","D3-SPH (System Policy Hardening), D3-GPO (Group Policy Enforcement)","Requires RSAT GPMC tools installed. XML report must be parsed via XPath or converted to JSON before ingestion."
"Entra ID","Identity & Access Management","Directory Role Assignments","API Call: GET https://graph.microsoft.com/v1.0/roleManagement/directory/roleAssignments","JSON","AssignmentId, RoleDefinitionId, RoleDisplayName, PrincipalId, PrincipalDisplayName, UserPrincipalName, PrincipalType (User, Guest, ServicePrincipal)","API: GET /v1.0/roleManagement/directory/roleAssignments?$expand=principal,roleDefinition (OAuth2 App Registration)","entra_role_assignments","assignment_id VARCHAR(128) PRIMARY KEY, role_definition_id VARCHAR(128), role_name VARCHAR(128), principal_id VARCHAR(128), principal_name VARCHAR(128), principal_type VARCHAR(32), is_guest BOOLEAN","Identify standard users, guest accounts, or service principals assigned critical administrative roles (Global Administrator, User Administrator).","T1098 (Account Manipulation), T1078 (Valid Accounts)","D3-IAM (Identity & Access Management), D3-POA (Policy Access Control)","Requires Microsoft Graph App Permission 'RoleManagement.Read.Directory'. Does not include Azure RBAC (sub-level) roles."
"Entra ID Protection","Threat Detection","User Identity Risk Detections","API Call: GET https://graph.microsoft.com/v1.0/identityProtection/riskDetections","JSON","RiskId, UserPrincipalName, RiskState (atRisk, confirmedCompromised, remediated), RiskLevel (low, medium, high), RiskEventType, DetectionTiming, Source","API: GET /v1.0/identityProtection/riskDetections OR GET /v1.0/identityProtection/riskyUsers","entra_risk_detections","risk_id VARCHAR(128) PRIMARY KEY, user_principal_name VARCHAR(128), risk_state VARCHAR(32), risk_level VARCHAR(16), risk_event_type VARCHAR(128), detection_time TIMESTAMP, source VARCHAR(64)","Identify user accounts with un-remediated risk levels of Medium or High, suggesting active token hijacking or credential leaks.","T1110 (Brute Force), T1539 (Steal Web Session Cookie), T1078 (Valid Accounts)","D3-UEBA (User & Entity Behavior Analytics), D3-ITA (Identity Threat Analysis)","Requires Microsoft Entra ID P2 license and Graph Permission 'IdentityRiskValue.Read.All'."
"Defender for Identity","Threat Detection","Domain Security Alerts & Event Detections","API Call: GET https://graph.microsoft.com/v1.0/security/alerts","JSON","AlertId, Title, Severity (Informational, Low, Medium, High), Category, Status (New, InProgress, Resolved), Evidence (UserAccount, Computer, IPAddress), MitreTechniques","API: GET /v1.0/security/alerts?$filter=vendorInformation/provider eq 'Defender for Identity' OR MS Defender XDR API","defender_identity_alerts","alert_id VARCHAR(128) PRIMARY KEY, title VARCHAR(256), severity VARCHAR(16), category VARCHAR(64), status VARCHAR(32), impacted_user VARCHAR(128), impacted_computer VARCHAR(128), mitre_techniques JSONB","Verify all Active Directory-level threat detections (e.g. Kerberoasting, Golden Ticket, DCSync) are actively reviewed and marked as closed.","T1558 (Steal or Forge Kerberos Tickets), T1003.006 (DCSync)","D3-ANOM (Anomaly Detection), D3-ITA (Identity Threat Analysis)","Requires MDI Sensor deployment on Domain Controllers and Graph Permission 'SecurityAlert.Read.All'."
"Wiz.io CSPM","Vulnerability Management","Toxic Combination Configuration Issues","API Query: POST https://api.wiz.io/graphql","JSON","IssueId, Title, Severity (HIGH, CRITICAL), Status (OPEN, RESOLVED), EntityId, EntityName, EntityType, Categories (Exposed Secret + Public IP)","GraphQL API Query: POST https://api.wiz.io/graphql with OAuth2 bearer token obtained from https://auth.wiz.io/oauth/token","wiz_issues","issue_id VARCHAR(128) PRIMARY KEY, title VARCHAR(256), severity VARCHAR(16), status VARCHAR(32), entity_id VARCHAR(128), entity_name VARCHAR(128), entity_type VARCHAR(64), toxic_combination_tags JSONB","Verify there are zero open high/critical issues, specifically looking for VMs containing exposed secrets and public network routes.","T1190 (Exploit Public-Facing Application), T1552 (Unsecured Credentials)","D3-CHA (Cloud Hygiene Assessment), D3-CVA (Configuration Vulnerability Assessment)","Requires Wiz Client ID & Client Secret with read access to Issues and Cloud Graph."
"Control Libraries","Compliance Standards","CIS Baseline Reports & System Checklists","CIS-CAT tool runs or custom JSON checklist reports","XML / JSON / CSV","BenchmarkID, Version, TargetHost, RuleID, RuleTitle, Result (PASS, FAIL, ERROR, NOT_CHECKED), ImpactScore, Rationale","CLI: cis-cat-full.sh / cis-cat.bat -r <out_dir> OR OpenSCAP: oscap xccdf eval --report report.html","compliance_benchmark_reports","report_id VARCHAR(128) PRIMARY KEY, host_id VARCHAR(128), benchmark_name VARCHAR(128), rule_id VARCHAR(128), rule_title VARCHAR(256), result VARCHAR(16), impact_score INT, failed_reason TEXT","Identify host and network platforms where system configuration drifts from established hardening frameworks (CIS Benchmarks).","M1047 (Audit), M1028 (Operating System Hardening), M1026 (Privileged Account Management)","D3-SPH (System Policy Hardening), D3-SCA (Security Control Auditing)","CIS-CAT Pro requires active CIS membership / license. OpenSCAP is open-source alternative for RHEL/Linux."
"EDR / OS Logs","Host Activity Telemetry","Process Execution & CommandLine Logs","Windows Event Log ID 4688 / Sysmon Event ID 1","EVTX / JSON / CEF","EventID, TimeCreated, Computer, ProcessId, NewProcessName (cmd.exe, powershell.exe), ParentProcessName (winword.exe, w3wp.exe), CommandLine, User","PowerShell: Get-WinEvent -FilterHashtable @{LogName='Security';ID=4688} OR EDR API / Windows Event Forwarding (WEF)","edr_process_events","event_id VARCHAR(128) PRIMARY KEY, host_name VARCHAR(128), timestamp TIMESTAMP, process_name VARCHAR(256), parent_process VARCHAR(256), command_line TEXT, user_account VARCHAR(128), is_suspicious BOOLEAN","Scan for instances of cmd.exe or powershell.exe spawned directly by office products (Word, Excel) or web servers (IIS, Apache).","T1059.001 (PowerShell), T1059.003 (Windows Command Shell), T1204 (User Execution)","D3-PSA (Process Segment Analysis), D3-PEA (Process Execution Analysis)","Win Event 4688 requires 'Include command line in process creation events' GPO policy enabled. Sysmon provides MD5/SHA256 hashes."
"EDR / OS Logs","Host Activity Telemetry","Script Block Logging & Script telemetry","Windows Event Log ID 4104 (PowerShell Script Block)","EVTX / JSON / CEF","EventID, TimeCreated, Computer, ScriptBlockId, ScriptBlockText, Path, User, Message, IsEncodedFlag","PowerShell: Get-WinEvent -FilterHashtable @{LogName='Microsoft-Windows-PowerShell/Operational';ID=4104} OR SIEM Collector","edr_powershell_scriptblocks","event_id VARCHAR(128) PRIMARY KEY, host_name VARCHAR(128), timestamp TIMESTAMP, script_block_id VARCHAR(128), script_content TEXT, user_account VARCHAR(128), contains_obfuscation BOOLEAN","Identify commands containing base64 obfuscation ('-enc', '-encodedcommand') or bypassing security execution policies ('bypass').","T1059.001 (PowerShell), T1027 (Obfuscated Files or Information)","D3-SBA (Script Block Analysis), D3-SAA (Script Analysis & Auditing)","Script Block Logging must be enabled via GPO ('Turn on PowerShell Script Block Logging'). De-obfuscation pipeline needed for deep analysis."
"EDR / OS Logs","Auditing & Logging","Registry & System File Auditing Logs","Windows Event ID 4657 / Sysmon Event ID 13","EVTX / JSON / CEF","EventID, TimeCreated, Computer, ProcessName, TargetObject (Registry Key / LSASS Process Handle), Details, OperationType, User","PowerShell: Get-WinEvent -FilterHashtable @{LogName='Security';ID=4657} OR Sysmon log stream via SIEM","edr_registry_file_audits","event_id VARCHAR(128) PRIMARY KEY, host_name VARCHAR(128), timestamp TIMESTAMP, process_name VARCHAR(256), target_object VARCHAR(512), operation_type VARCHAR(32), user_account VARCHAR(128)","Monitor attempts by non-system processes to read LSASS process memory or modify logon helper DLL registry keys.","T1003.001 (LSASS Memory), T1547.001 (Registry Run Keys), T1547.005 (Security Support Provider)","D3-MMP (Memory Protection), D3-RMA (Registry Modification Analysis)","Requires SACL auditing enabled on sensitive registry paths (e.g., LSA, Winlogon, Run keys) or Sysmon configuration file deployed."
