"Status","Source","Category of Data","Blast Radius Metric / Target Entity","Details to Extract (Blast Radius Focus)","How to Extract (Command / API / Method)","Native Export Format","What to Download (Record Set)","How to Download","RDBMS Table Name","RDBMS Schema & Column Types (Including New Blast Radius Fields)","Vulnerability / Audit Check Criteria","Blast Radius & Downstream Impact Calculation Criteria","MITRE ATT&CK Mapping","MITRE D3FEND Mapping","Blast Radius Tool Capabilities & Gap Notes"
"NEW","AWS","Asset Topology & Host Inventory","EC2 Instances & Interfaces","InstanceId, PrivateIpAddress, PublicIpAddress, SecurityGroups, SubnetId, VpcId, IAMInstanceProfile, Tags (Environment, DataSensitivity)","aws ec2 describe-instances --output json && aws ec2 describe-network-interfaces --output json","JSON","EC2 Instance descriptions, Network Interfaces, Attached Security Groups, Subnets, IAM Profiles","CLI: aws ec2 describe-instances --output json OR Boto3: ec2.describe_instances()","aws_ec2_instances","instance_id VARCHAR(64) PRIMARY KEY, private_ip VARCHAR(32), public_ip VARCHAR(32), vpc_id VARCHAR(64), subnet_id VARCHAR(64), security_groups JSONB, iam_instance_profile VARCHAR(256), tags JSONB, environment VARCHAR(32), data_sensitivity VARCHAR(32)","Identify internet-facing instances holding privileged IAM instance profiles or attached to database subnets.","Count of reachable VMs in same VPC/Subnet + IAM role assume rights + sensitive S3 buckets accessible via instance profile.","T1078 (Valid Accounts), T1552.005 (Cloud Instance Metadata API)","D3-NI (Network Ingress Filtering), D3-POA (Policy Access Control)","Requires 'ec2:DescribeInstances' across all AWS regions to map cross-VPC topology."
"CHANGED","AWS","Identity & Access Management","IAM Policy & Role Assume Graph","IAM Policy Documents, Attached Policies, AssumeRole Policy Trust Relationships, Cross-Account ARNs","aws iam get-account-authorization-details --output json","JSON","Users, Groups, Roles, Managed Policies, Inline Policies, Trust Relationships (AssumeRolePolicyDocument)","CLI: aws iam get-account-authorization-details --output json OR AWS SDK","aws_iam_policies","policy_id VARCHAR(64) PRIMARY KEY, policy_name VARCHAR(128), entity_type VARCHAR(32), entity_name VARCHAR(128), is_attached BOOLEAN, document_json JSONB, trust_relationships JSONB, cross_account_arns JSONB, transitive_permissions JSONB, created_at TIMESTAMP","Identify customer-managed policies with wildcard permissions or administrative rights assigned directly to users instead of groups.","Traverse AssumeRole trust chains to identify all accounts, roles, and resources reachable from compromised identity.","T1078 (Valid Accounts), T1098 (Account Manipulation), T1484 (Domain Policy Modification)","D3-IAM (Identity & Access Management), D3-POA (Policy Access Control)","Added 'trust_relationships' and 'cross_account_arns' fields to calculate role assumption blast radius."
"CHANGED","AWS","Network Configuration","VPC Security Groups & Peering Topology","VPC Security Groups, Network ACLs, VPC Peering Connections, Route Tables","aws ec2 describe-security-groups --output json && aws ec2 describe-vpc-peering-connections --output json","JSON","Security Group IDs, VPC IDs, Ingress/Egress Rules, VPC Peering Connections (Requester/Accepter VPCs)","CLI: aws ec2 describe-security-groups --output json && aws ec2 describe-vpc-peering-connections --output json","aws_security_groups","group_id VARCHAR(64) PRIMARY KEY, vpc_id VARCHAR(64), group_name VARCHAR(128), direction VARCHAR(8), protocol VARCHAR(16), from_port INT, to_port INT, cidr_ipv4 VARCHAR(32), vpc_peering_ids JSONB, connected_subnets JSONB, raw_rule JSONB","Check for rules allowing unrestricted ingress ('0.0.0.0/0') on administrative ports like TCP/22 and TCP/3389.","Map network reachability graph across VPC peerings to calculate lateral movement blast radius from breached subnet.","T1190 (Exploit Public-Facing Application), T1021 (Remote Services)","D3-NI (Network Ingress Filtering), D3-FBR (Firewall Rule Analysis)","Added 'vpc_peering_ids' and 'connected_subnets' to calculate inter-VPC reachability."
"NEW","AWS","Data Storage & Encryption","S3 Buckets & Resource Policies","BucketName, BucketPolicy, PublicAccessBlockConfiguration, KMSMasterKeyId, TagSet, DataClassification","aws s3api list-buckets --output json && aws s3api get-bucket-policy --bucket <b_name>","JSON","S3 Buckets, Bucket ACLs, Bucket Policies, Public Access Block configs, Encryption KMS keys","CLI: aws s3api list-buckets --output json OR AWS SDK s3.list_buckets()","aws_s3_buckets","bucket_name VARCHAR(128) PRIMARY KEY, vpc_restriction_id VARCHAR(64), is_public BOOLEAN, bucket_policy JSONB, kms_key_id VARCHAR(256), tags JSONB, data_classification VARCHAR(32)","Identify publicly readable/writable buckets or buckets lacking explicit VPC endpoint restrictions.","Sum of unencrypted sensitive S3 data readable by compromised IAM role or EC2 instance profile.","T1530 (Data from Cloud Storage Object), T1098 (Account Manipulation)","D3-DEC (Data Encryption in Transit), D3-POA (Policy Access Control)","Requires iterating over buckets to query policies and public access blocks."
"EXISTING","AWS","Auditing & Logging","CloudTrail Configuration","Trail ARN, Name, S3BucketName, IsMultiRegionTrail, LogFileValidationEnabled, KmsKeyId","aws cloudtrail describe-trails --output json","JSON","Trail ARN, Name, S3BucketName, IsMultiRegionTrail, LogFileValidationEnabled, KmsKeyId","CLI: aws cloudtrail describe-trails --output json","aws_cloudtrail_configs","trail_arn VARCHAR(256) PRIMARY KEY, trail_name VARCHAR(128), s3_bucket VARCHAR(128), is_multi_region BOOLEAN, log_validation_enabled BOOLEAN, kms_key_id VARCHAR(256), is_logging BOOLEAN","Verify that at least one multi-region trail is configured, active, and logs are write-protected.","Blast radius scope: If validation is disabled, forensic log audit capability across impacted regions is compromised.","T1562.001 (Impair Defenses: Disable or Modify Tools)","D3-AL (Auditing & Logging), D3-LVA (Log Validation)","Already existing in base spec; establishes forensic traceability boundary."
"NEW","Azure","Asset Topology & Host Inventory","Virtual Machines & Interfaces","VM ID, VM Name, PrivateIP, PublicIP, SubnetId, NetworkSecurityGroup, ManagedIdentityPrincipalId, Tags","az vm list --show-details --output json && az network nic list --output json","JSON","VM list, Public/Private IPs, Network Interfaces, Subnet bindings, System/User Managed Identities","CLI: az vm list --show-details --output json OR Azure Resource Graph query","azure_virtual_machines","vm_id VARCHAR(256) PRIMARY KEY, vm_name VARCHAR(128), resource_group VARCHAR(128), private_ip VARCHAR(32), public_ip VARCHAR(32), subnet_id VARCHAR(256), nsg_id VARCHAR(256), managed_identity_id VARCHAR(64), tags JSONB","Identify public-facing VMs bound to Managed Identities with Owner or Contributor roles on subscription.","Count of virtual machines and key vaults accessible via compromised VM Managed Identity or flat VNet subnet.","T1078 (Valid Accounts), T1552.005 (Cloud Instance Metadata API)","D3-NI (Network Ingress Filtering), D3-POA (Policy Access Control)","Requires VM Reader role across subscriptions to retrieve network interface details."
"CHANGED","Azure","Identity & Access Management","Subscription & Transitive RBAC","Role Assignment ID, PrincipalId, PrincipalType, RoleDefinitionName, Scope, TransitiveGroupMemberships","az role assignment list --all --output json && az ad group member list --group <g_id>","JSON","Role Assignments, Principal IDs, Scope, Subscription IDs, Entra ID Group Member Lists","CLI: az role assignment list --all --output json OR Azure Resource Graph","azure_rbac_assignments","assignment_id VARCHAR(256) PRIMARY KEY, principal_id VARCHAR(64), principal_type VARCHAR(32), principal_name VARCHAR(128), role_name VARCHAR(128), scope VARCHAR(512), subscription_id VARCHAR(64), group_memberships JSONB, is_guest BOOLEAN","Identify guest or unmanaged accounts containing Owner or Contributor roles directly assigned at subscription scopes.","Expand Entra ID group memberships to calculate total human & service identity count inheriting compromised role.","T1078 (Valid Accounts), T1098 (Account Manipulation)","D3-IAM (Identity & Access Management), D3-POA (Policy Access Control)","Added 'group_memberships' to resolve inherited group RBAC assignments."
"CHANGED","Azure","Network Configuration","NSG Rules & VNet Peering Topology","NSG Rules, Priority, Direction, Access, VNet Peerings, RemoteVirtualNetworkId, ConnectedVMs","az graph query -q ""Resources | where type =~ 'Microsoft.Network/networkSecurityGroups'"" && az network vnet peering list","JSON","NSG Security Rules, VNet Peerings, Subnet Bindings, Remote VNet IDs, Peering States","CLI: az graph query OR az network vnet peering list --resource-group <rg> --vnet-name <vnet>","azure_nsg_rules","rule_id VARCHAR(256) PRIMARY KEY, nsg_id VARCHAR(256), nsg_name VARCHAR(128), priority INT, direction VARCHAR(16), access VARCHAR(16), source_prefix VARCHAR(64), dest_port_range VARCHAR(64), protocol VARCHAR(16), remote_vnet_id VARCHAR(256), connected_vm_ids JSONB","Identify NSGs allowing open ingress on administration ports, and check for unencrypted cross-subscription VNET peerings.","Map cross-subscription lateral movement radius enabled by permissive VNet peerings and broad NSG rules.","T1190 (Exploit Public-Facing Application), T1021 (Remote Services)","D3-NI (Network Ingress Filtering), D3-FBR (Firewall Rule Analysis)","Added 'remote_vnet_id' and 'connected_vm_ids' to evaluate inter-VNet blast radius."
"NEW","Azure","Key Vault & Secret Management","Key Vault Access Policies & Secrets","VaultUri, VaultId, AccessPolicies, ManagedIdentityBindings, NetworkAcls, SecretNames, KeyTypes","az keyvault list --output json && az keyvault secret list --vault-name <v_name> --output json","JSON","Key Vaults, Access Policies, Secret metadata, Private Endpoints, Network ACL rules","CLI: az keyvault list --output json OR REST API GET /subscriptions/{sub}/providers/Microsoft.KeyVault/vaults","azure_key_vaults","vault_id VARCHAR(256) PRIMARY KEY, vault_name VARCHAR(128), resource_group VARCHAR(128), access_policies JSONB, network_acls JSONB, secret_names JSONB, is_public_access BOOLEAN","Identify Key Vaults allowing public network access or granting full 'Set/Get/Delete' secret permissions to non-admin SPNs.","Count of database strings, API keys, and certificates accessible from compromised principal.","T1552.004 (Private Keys), T1098 (Account Manipulation)","D3-DEC (Data Encryption), D3-POA (Policy Access Control)","Requires 'Microsoft.KeyVault/vaults/read' permission across resource groups."
"EXISTING","Azure","Auditing & Logging","Diagnostic Settings & Alerts","Setting ID, ResourceId, WorkspaceId, StorageAccountId, Log Categories, Activity Log Alerts","az monitor diagnostic-settings list --resource <resource_id>","JSON","Diagnostic settings, Log Categories, EventHub / Storage Account destinations","CLI: az monitor diagnostic-settings list --resource <resource_id>","azure_diagnostic_settings","setting_id VARCHAR(256) PRIMARY KEY, resource_id VARCHAR(512), workspace_id VARCHAR(256), storage_account VARCHAR(256), log_categories JSONB, alerts_enabled BOOLEAN","Ensure administrative write events trigger SIEM forwarding and security alerts.","Blast radius scope: Unmonitored resource groups where attacker actions bypass SIEM detection.","T1562.001 (Impair Defenses), T1562.008 (Disable Cloud Logs)","D3-AL (Auditing & Logging), D3-SCA (Security Control Auditing)","Already existing in base spec; defines logging audit perimeter."
"NEW","GCP","Asset Topology & Host Inventory","Compute Instances & Service Accounts","Instance ID, Internal IP, External IP, NetworkInterfaces, ServiceAccountScopes, Tags, VPC Network","gcloud compute instances list --format=json","JSON","Compute instances, Internal/External IPs, Service Account scopes, Disks, Network Tags","CLI: gcloud compute instances list --format=json OR Compute API","gcp_compute_instances","instance_id VARCHAR(128) PRIMARY KEY, project_id VARCHAR(64), instance_name VARCHAR(128), internal_ip VARCHAR(32), external_ip VARCHAR(32), network_name VARCHAR(128), service_account_email VARCHAR(128), scopes JSONB, tags JSONB","Identify public instances attached to default Service Accounts with 'cloud-platform' full access scopes.","Count of GCP projects and resources reachable via instance metadata service account token theft.","T1078 (Valid Accounts), T1552.005 (Cloud Instance Metadata API)","D3-NI (Network Ingress Filtering), D3-POA (Policy Access Control)","Requires 'compute.instances.list' across all GCP projects in organization."
"CHANGED","GCP","Identity & Access Management","IAM Policy & Service Account Keys","Project/Folder IAM Bindings, ServiceAccountKeys, ImpersonationPermissions, InheritedPolicies","gcloud projects get-iam-policy <p_id> --format=json && gcloud iam service-accounts list --format=json","JSON","IAM Bindings, Service Accounts, User/Group Memberships, Service Account Key IDs, Impersonation Roles","CLI: gcloud projects get-iam-policy --format=json && gcloud iam service-accounts keys list --iam-account <sa>","gcp_iam_bindings","binding_id VARCHAR(128) PRIMARY KEY, project_id VARCHAR(64), role VARCHAR(128), member_type VARCHAR(32), member_email VARCHAR(128), sa_keys JSONB, impersonation_roles JSONB, is_external_gmail BOOLEAN","Identify wildcard bindings or external Gmail accounts assigned Editor or Owner roles at project root.","Calculate reachable projects via service account token creation ('roles/iam.serviceAccountTokenCreator') and key export.","T1078 (Valid Accounts), T1098 (Account Manipulation)","D3-IAM (Identity & Access Management), D3-POA (Policy Access Control)","Added 'sa_keys' and 'impersonation_roles' to evaluate service account impersonation blast radius."
"CHANGED","GCP","Network Configuration","VPC Firewalls & Network Peerings","Firewall Rules, SourceRanges, Allowed Ports, VPC Peerings, PeerNetwork, ExportRoutes","gcloud compute firewall-rules list --format=json && gcloud compute networks peerings list --format=json","JSON","VPC Firewall Rules, Network Peerings, AutoCreateRoutes flags, Target Service Accounts","CLI: gcloud compute firewall-rules list --format=json && gcloud compute networks peerings list --format=json","gcp_firewall_rules","rule_id VARCHAR(128) PRIMARY KEY, project_id VARCHAR(64), rule_name VARCHAR(128), direction VARCHAR(16), action VARCHAR(16), priority INT, source_ranges JSONB, allowed_ports JSONB, peer_networks JSONB, target_service_accounts JSONB","Check for firewall rules with 'sourceRanges' set to '0.0.0.0/0' combined with port 22 or 3389 open.","Map cross-VPC blast radius enabled by VPC Network Peering and shared VPC host projects.","T1190 (Exploit Public-Facing Application), T1021.001/002 (SSH/RDP)","D3-NI (Network Ingress Filtering), D3-FBR (Firewall Rule Analysis)","Added 'peer_networks' and 'target_service_accounts' to compute network propagation bounds."
"NEW","GCP","Data Storage & BigQuery","Cloud Storage Buckets & BigQuery Datasets","BucketName, IAMPolicy, EncryptionKey, DatasetID, AccessEntries (Grants), DataClassification","gcloud storage buckets list --format=json && bq ls --format=json","JSON","GCS Buckets, IAM Policies, BigQuery Datasets, Dataset Access Entries, KMS Keys","CLI: gcloud storage buckets list --format=json && bq show --format=json <dataset_id>","gcp_storage_datasets","dataset_id VARCHAR(128) PRIMARY KEY, project_id VARCHAR(64), asset_type VARCHAR(32), asset_name VARCHAR(128), iam_policy JSONB, kms_key VARCHAR(256), is_public BOOLEAN, data_classification VARCHAR(32)","Identify GCS buckets or BigQuery datasets granted to 'allUsers' or 'allAuthenticatedUsers'.","Sum of PII/PHI analytics tables and storage objects readable by compromised IAM principal.","T1530 (Data from Cloud Storage Object), T1098 (Account Manipulation)","D3-DEC (Data Encryption), D3-POA (Policy Access Control)","BigQuery datasets require querying dataset-level access control entries."
"EXISTING","GCP","Auditing & Logging","Cloud Logging Sinks","Sink Name, Destination, Filter, WriterIdentity, Disabled","gcloud logging sinks list --format=json","JSON","Cloud Logging Sinks, Export destinations (PubSub/BigQuery/GCS), Filter rules","CLI: gcloud logging sinks list --format=json","gcp_logging_sinks","sink_name VARCHAR(128) PRIMARY KEY, project_id VARCHAR(64), destination VARCHAR(256), filter_text TEXT, writer_identity VARCHAR(128), is_disabled BOOLEAN","Verify project audit logs are actively streamed to a centralized sink for compliance auditing.","Blast radius scope: Identifies unmonitored GCP projects where log audit pipeline is broken.","T1562.001 (Impair Defenses)","D3-AL (Auditing & Logging)","Already existing in base spec; establishes audit boundary."
"NEW","HashiCorp Vault","Secrets Architecture","Secret Mounts & Token Accessors","Path, Type, Accessor, DisplayName, Policies, TTL, NumUses, BoundCIDRs, MaxTTL","vault secrets list -format=json && vault list auth/token/accessors -format=json","JSON","Secret Engine Mounts (KV, AWS, PKI, Database), Token Accessors, Token Policies, Bound CIDRs","CLI: vault secrets list -format=json && vault token lookup <accessor>","vault_secret_mounts","mount_path VARCHAR(128) PRIMARY KEY, engine_type VARCHAR(32) NOT NULL, default_lease_ttl INT, token_accessor VARCHAR(128), bound_cidrs JSONB, associated_policies JSONB","Identify dynamic secret engines (AWS, DB) bound to root/sudo policies without CIDR restrictions.","Count of external infrastructure engines (AWS accounts, SQL DBs) controlled via compromised Vault token.","T1552 (Unsecured Credentials), T1078 (Valid Accounts)","D3-POA (Policy Access Control), D3-PAM (Privileged Access Management)","Requires Vault token with 'sys/mounts' and 'auth/token/accessors' read permissions."
"CHANGED","HashiCorp Vault","Access Control","ACL Policy Path Traversal","Policy Name, Path Pattern, Capabilities, AllowedParameters, DeniedParameters, CrossMountPermissions","vault policy list -format=json && vault policy read <policy_name> -format=json","HCL / JSON","Policy Names, Path rules, Capabilities (create, read, update, delete, list, sudo), Allowed/Denied params","CLI: vault policy list -format=json && vault policy read <name> -format=json","vault_acl_policies","policy_name VARCHAR(128) PRIMARY KEY, path_pattern VARCHAR(256), capabilities JSONB, allowed_parameters JSONB, cross_mount_paths JSONB, raw_hcl TEXT","Scan policy definitions for wildcard write/sudo privileges (e.g. path 'secret/data/*' with capability 'write').","Traverse path rules to identify all secret engine KV paths and system settings accessible by policy.","T1078 (Valid Accounts), T1098 (Account Manipulation)","D3-POA (Policy Access Control), D3-IAM (Identity & Access Management)","Added 'cross_mount_paths' to calculate cross-engine secret exposure radius."
"NEW","HashiCorp Vault","Identity Engine","Vault Entities & Groups","Entity ID, Entity Name, Associated Policies, Group Memberships, External Metadata, Aliases","vault list identity/entity/id -format=json && vault list identity/group/id -format=json","JSON","Vault Entities, Entity Aliases, Identity Groups (Internal/External), Inherited Policies","CLI: vault list identity/entity/id -format=json && vault read identity/entity/id/<id> -format=json","vault_identity_entities","entity_id VARCHAR(128) PRIMARY KEY, entity_name VARCHAR(128), entity_aliases JSONB, group_ids JSONB, inherited_policies JSONB, metadata JSONB","Identify external identity aliases (OIDC/LDAP) mapped to Vault entities holding root/sudo policy groups.","Total human and machine identities affected if a Vault Identity Group or OIDC alias is compromised.","T1078 (Valid Accounts), T1098 (Account Manipulation)","D3-IAM (Identity & Access Management), D3-POA (Policy Access Control)","Requires Vault identity engine read permissions (`identity/entity`, `identity/group`)."
"EXISTING","HashiCorp Vault","Server Settings","Server Hardening","Listener stanza, tls_disable, tls_cert_file, address, storage, disable_mlock","Local file read of 'vault.hcl' OR API GET /v1/sys/health","HCL / JSON","HCL config file, TLS listener state, mlock state, storage backend","File Read: /etc/vault.d/vault.hcl OR API GET /v1/sys/health","vault_server_configs","config_id VARCHAR(64) PRIMARY KEY, hostname VARCHAR(128), tls_disable BOOLEAN, disable_mlock BOOLEAN, storage_type VARCHAR(32), config_raw TEXT","Verify memory locking ('disable_mlock = false') is enabled and TLS listeners are enforced.","Blast radius scope: If mlock is disabled, Vault master key memory dumping impacts entire Vault instance.","T1552 (Unsecured Credentials), T1003 (OS Credential Dumping)","D3-MEN (Memory Encryption/Locking), D3-DEC (Data Encryption)","Already existing in base spec; defines memory & transport encryption boundary."
"EXISTING","HashiCorp Vault","Auditing & Logging","Audit Devices","Device Path, Type (file, syslog, socket), Description, Options (file_path, prefix, log_raw)","vault audit list -format=json","JSON","Audit Device Path, Type, Options, Log formatting","CLI: vault audit list -format=json","vault_audit_devices","device_path VARCHAR(128) PRIMARY KEY, type VARCHAR(32), description TEXT, options JSONB, is_active BOOLEAN","Ensure system audit logging is enabled and outputs to secure remote logging endpoints.","Blast radius scope: Unaudited Vault operations compromise forensic visibility across all secret engines.","T1562.001 (Impair Defenses)","D3-AL (Auditing & Logging)","Already existing in base spec; defines audit log completeness."
"NEW","BeyondTrust","Privileged Access Management","PAM Managed Asset & Account Inventory","SystemID, HostName, IPAddress, OperatingSystem, ManagedAccountNames, AccessType, AssetCriticality","API Call: GET https://beyondtrust.company.lan/api/v1/assets && GET /api/v1/managed-accounts","JSON","Managed Systems list, Host Names, IP Addresses, Operating Systems, Managed Accounts, Asset Criticality tags","API: GET /api/v1/assets & GET /api/v1/managed-accounts (Auth via OAuth Token)","beyondtrust_managed_assets","system_id VARCHAR(128) PRIMARY KEY, host_name VARCHAR(128), ip_address VARCHAR(32), os_type VARCHAR(64), managed_accounts JSONB, criticality_level VARCHAR(16)","Identify high-criticality assets (Domain Controllers, Payment Gateways) linked to shared PAM credentials.","Total count of servers and domain assets reachable using credentials stored in BeyondTrust vault.","T1078 (Valid Accounts), T1021 (Remote Services)","D3-PAM (Privileged Access Management), D3-SBM (Session Behavior Monitoring)","Requires REST API User with 'Asset Reader' role in BeyondTrust PasswordSafe."
"CHANGED","BeyondTrust","Privileged Access Management","PAM Checked-Out Sessions & Target IPs","SessionId, UserID, AccountName, SystemName, TargetIP, CheckedOutPasswordID, AssociatedITSMTicket, DownstreamHosts","API Call: GET https://beyondtrust.company.lan/api/v1/active-sessions","JSON","SessionId, UserID, AccountName, SystemName, Protocol, StartTime, MaxCheckoutDuration, TicketNumber, TargetIP, PasswordID","API: GET /api/v1/active-sessions & GET /api/v1/requests","beyondtrust_active_sessions","session_id VARCHAR(128) PRIMARY KEY, user_id VARCHAR(64), account_name VARCHAR(128), target_system VARCHAR(128), target_ip VARCHAR(32), checked_out_password_id VARCHAR(128), protocol VARCHAR(16), ticket_number VARCHAR(64), downstream_hosts JSONB","Check for checked-out credentials exceeding max checkout window or operating without matching ITSM ticket numbers.","Calculate lateral movement blast radius by joining checked-out credentials with downstream accessible systems.","T1078 (Valid Accounts), T1021 (Remote Services)","D3-PAM (Privileged Access Management), D3-SBM (Session Behavior Monitoring)","Added 'target_ip', 'checked_out_password_id', and 'downstream_hosts' to compute session blast radius."
"NEW","BeyondTrust","Access Control & Entitlements","PAM Smart Rule & User Entitlements","UserID, GroupID, ManagedAssetGroups, PasswordReleasePolicies, MaxCheckoutDuration, AllowedAccessTypes","API Call: GET https://beyondtrust.company.lan/api/v1/user-policy-assignments","JSON","User Policy Assignments, Smart Rules, Asset Group Permissions, Password Release Policies","API: GET /api/v1/user-policy-assignments","beyondtrust_user_policies","assignment_id VARCHAR(128) PRIMARY KEY, user_id VARCHAR(64), asset_group_name VARCHAR(128), password_policy_id VARCHAR(64), max_duration_mins INT, allowed_protocols JSONB","Identify PAM users assigned broad Smart Rules granting password release to all production server groups.","Count of systems where compromised PAM user can auto-request privileged administrator credentials.","T1078 (Valid Accounts), T1098 (Account Manipulation)","D3-PAM (Privileged Access Management), D3-POA (Policy Access Control)","Requires PasswordSafe administrative policy API read permissions."
"CHANGED","SailPoint","Identity Governance","Identity Hierarchy & Direct Reports","Identity ID, Name, Email, LifecycleState, JobTitle, ManagerID, ManagerEmail, DirectReports, RiskScore","API Call: GET https://tenant.api.identitynow.com/v3/public-identities","JSON","Identity ID, Name, Email, LifecycleState, JobTitle, Manager ID, Direct Reports list, Composite Risk Score","API: GET /v3/public-identities & GET /v3/identities/{id}/managers","sailpoint_identities","identity_id VARCHAR(128) PRIMARY KEY, name VARCHAR(128), email VARCHAR(128), lifecycle_state VARCHAR(32), title VARCHAR(128), manager_id VARCHAR(128), direct_reports JSONB, risk_score INT, last_certification_date TIMESTAMP","Identify users retaining administrative roles who are marked as terminated in HR databases.","Blast radius scope: Identify all direct reports and subordinate access profiles impacted if manager account is breached.","T1078 (Valid Accounts), T1098 (Account Manipulation)","D3-IAM (Identity & Access Management), D3-UAR (User Access Recertification)","Added 'manager_id', 'direct_reports', and 'risk_score' to evaluate organizational hierarchy blast radius."
"NEW","SailPoint","Identity Governance","Application Accounts & Target System Maps","AccountID, NativeIdentity, SourceName (AWS, AD, SAP, Salesforce), UncorrelatedFlag, DisabledFlag, Entitlements","API Call: GET https://tenant.api.identitynow.com/v3/accounts && GET /v3/sources","JSON","Application Accounts, Native Identities, Source Systems, Uncorrelated Account flags, Entitlement lists","API: GET /v3/accounts & GET /v3/sources","sailpoint_application_accounts","account_id VARCHAR(128) PRIMARY KEY, identity_id VARCHAR(128), native_identity VARCHAR(128), source_name VARCHAR(64), is_uncorrelated BOOLEAN, is_disabled BOOLEAN, entitlements JSONB","Identify uncorrelated ('orphan') application accounts on critical sources (Active Directory, AWS) lacking HR owners.","Total target systems (AWS, AD, SAP, GCP) compromised if single SailPoint identity token is hijacked.","T1078 (Valid Accounts), T1098 (Account Manipulation)","D3-IAM (Identity & Access Management), D3-UAR (User Access Recertification)","Requires IdentityNow API token with 'idn:account:read' scope."
"NEW","SailPoint","Identity Governance","Access Profiles & Entitlement Bundles","ProfileID, ProfileName, EntitlementsList, SourceID, OwnerID, EnabledState, CompositeRoles","API Call: GET https://tenant.api.identitynow.com/v3/access-profiles && GET /v3/roles","JSON","Access Profiles, Entitlement Bundles, Source IDs, Role definitions, Owner Identities","API: GET /v3/access-profiles & GET /v3/roles","sailpoint_access_profiles","profile_id VARCHAR(128) PRIMARY KEY, profile_name VARCHAR(128), source_id VARCHAR(128), owner_id VARCHAR(128), entitlements_list JSONB, is_enabled BOOLEAN","Identify Access Profiles combining conflicting toxic entitlements (e.g. Accounts Payable + Payment Release).","Total downstream enterprise entitlements granted across all identities assigned a breached Access Profile.","T1098 (Account Manipulation), T1078 (Valid Accounts)","D3-IAM (Identity & Access Management), D3-POA (Policy Access Control)","Requires 'idn:access-profile:read' API scope."
"NEW","Active Directory","Domain Architecture","AD Computer Objects & Domain Trusts","ComputerName, OperatingSystem, IPv4Address, ServicePrincipalNames, ManagedBy, TrustType, TargetDomainName","Get-ADComputer -Filter * -Properties IPv4Address, OperatingSystem, ServicePrincipalNames, ManagedBy && Get-ADDomainTrust","JSON / CSV","AD Computer objects, OS versions, IP addresses, SPNs, Domain Trusts (Forest/External, Transitive/Non-transitive)","PowerShell: Get-ADComputer -Filter * -Properties IPv4Address... | ConvertTo-Json && Get-ADDomainTrust | ConvertTo-Json","ad_computers_trusts","computer_name VARCHAR(128) PRIMARY KEY, os_name VARCHAR(128), ip_address VARCHAR(32), spns JSONB, domain_trust_target VARCHAR(128), trust_direction VARCHAR(32), is_transitive BOOLEAN","Identify unpatched domain computers or domain trusts allowing SID filtering bypass across domain forests.","Count of joined workstations, servers, and connected domain forests accessible via compromised domain trust.","T1484 (Domain Policy Modification), T1190 (Exploit Public-Facing Application)","D3-SPH (System Policy Hardening), D3-IAM (Identity & Access Management)","Requires Active Directory PowerShell module installed on collector host."
"CHANGED","Active Directory","Identity & Access Management","User Attributes & Service Principal Names","SamAccountName, DN, Enabled, PasswordLastSet, PasswordNeverExpires, AdminCount, SidHistory, SPNs","Get-ADUser -Filter * -Properties MemberOf, PasswordLastSet, PasswordNeverExpires, AdminCount, SidHistory, ServicePrincipalName","JSON / CSV","SamAccountName, DN, Enabled, PasswordLastSet, PasswordNeverExpires, LastLogonDate, AdminCount, SidHistory, SPNs","PowerShell: Get-ADUser -Filter * -Properties MemberOf, PasswordLastSet, AdminCount, SidHistory, ServicePrincipalName | ConvertTo-Json","ad_users","sam_account_name VARCHAR(128) PRIMARY KEY, dn VARCHAR(512), enabled BOOLEAN, password_last_set TIMESTAMP, password_never_expires BOOLEAN, admin_count INT, sid_history JSONB, spns JSONB, member_of JSONB","Scan for active accounts with 'PasswordNeverExpires = True' or Kerberoastable service accounts with SPNs set.","Calculate administrative blast radius via 'AdminCount = 1', SidHistory cross-domain rights, and SPN Kerberoasting.","T1078 (Valid Accounts), T1558.003 (Kerberoasting), T1069 (Group Discovery)","D3-IAM (Identity & Access Management), D3-PMP (Password Management Policy)","Added 'admin_count', 'sid_history', and 'spns' to identify high-value targets."
"NEW","Active Directory","Kerberos Security","Service Accounts & Kerberoastable SPNs","SamAccountName, ServicePrincipalName, PasswordLastSet, PasswordPolicy, KerberosEncryptionType, UserAccountControl","Get-ADUser -Filter {ServicePrincipalName -ne ""$null""} -Properties ServicePrincipalName, PasswordLastSet, msDS-SupportedEncryptionTypes","JSON / CSV","Service accounts with SPNs, Password last set dates, Supported Encryption types (RC4 vs AES), UAC flags","PowerShell: Get-ADUser -Filter {ServicePrincipalName -ne ""$null""} -Properties ServicePrincipalName... | ConvertTo-Json","ad_kerberoastable_accounts","sam_account_name VARCHAR(128) PRIMARY KEY, spn VARCHAR(256) NOT NULL, password_last_set TIMESTAMP, encryption_types INT, is_rc4_enabled BOOLEAN GENERATED ALWAYS AS (encryption_types IS NULL OR encryption_types = 4) STORED","Identify service accounts with weak RC4 Kerberos encryption and high-privilege group memberships (Domain Admins).","Count of SQL/IIS services and servers susceptible to offline Kerberoasting ticket cracking.","T1558.003 (Kerberoasting), T1201 (Password Policy Discovery)","D3-PMP (Password Management Policy), D3-IAM (Identity & Access Management)","Requires querying 'msDS-SupportedEncryptionTypes' attribute across Active Directory."
"EXISTING","Active Directory","Group Policy Object Configuration","GPO Backup & Registry Mappings","GPO ID, DisplayName, SecurityFiltering, ExtensionData (LSA Protection, PowerShell Transcription, LM Hashing)","Get-GPOReport -All -ReportType Xml -Path C:\gpo_backup\report.xml","XML / JSON","GPO ID, DisplayName, SecurityFiltering, Registry Policy Settings","PowerShell: Get-GPOReport -All -ReportType Xml -Path C:\gpo_backup\report.xml","ad_gpo_reports","gpo_id VARCHAR(128) PRIMARY KEY, gpo_name VARCHAR(256), gpo_status VARCHAR(32), lsa_protection_enabled BOOLEAN, ps_transcription_enabled BOOLEAN, ps_scriptblock_logging BOOLEAN, lm_hash_level INT, raw_xml TEXT","Check for missing GPO configurations, such as missing LSA protection or disabled PowerShell transcriptions.","Blast radius scope: Identifies OU trees and domain hosts lacking hardened system configuration enforcement.","T1484.001 (Group Policy Modification), T1562 (Impair Defenses)","D3-SPH (System Policy Hardening), D3-GPO (Group Policy Enforcement)","Already existing in base spec; defines GPO policy baseline."
"NEW","Entra ID","Identity & App Management","Service Principals & App Registrations","AppId, DisplayName, KeyCredentials, PasswordCredentials (Expiration), OAuth2PermissionGrants, AppRoleAssignments","GET https://graph.microsoft.com/v1.0/servicePrincipals && GET /v1.0/applications","JSON","Service Principals, App Registrations, Client Secrets expiration, Certificate Credentials, Delegated OAuth Permissions","API: GET /v1.0/servicePrincipals & GET /v1.0/applications (MS Graph API)","entra_service_principals","app_id VARCHAR(128) PRIMARY KEY, display_name VARCHAR(128), principal_type VARCHAR(32), secret_expiration TIMESTAMP, certificate_count INT, oauth_permissions JSONB, app_roles JSONB","Identify Service Principals with non-expiring credentials or over-privileged MS Graph permissions (e.g. Directory.ReadWrite.All).","Total Entra ID tenant APIs and cloud resources accessible via compromised Service Principal secret/cert.","T1098 (Account Manipulation), T1078 (Valid Accounts)","D3-IAM (Identity & Access Management), D3-POA (Policy Access Control)","Requires MS Graph permission 'Application.Read.All'."
"CHANGED","Entra ID","Identity & Access Management","Directory Roles & PIM Assignments","AssignmentId, RoleDefinitionId, RoleDisplayName, PrincipalId, PrincipalType, TransitiveRoleAssignments, EligibleRoles (PIM)","GET https://graph.microsoft.com/v1.0/roleManagement/directory/roleAssignments?$expand=principal,roleDefinition","JSON","Role Assignments, Role Definitions, Principal Types, PIM Eligible Assignments, Administrative Units","API: GET /v1.0/roleManagement/directory/roleAssignments & GET /v1.0/roleManagement/directory/roleEligibilityScheduleInstances","entra_role_assignments","assignment_id VARCHAR(128) PRIMARY KEY, role_definition_id VARCHAR(128), role_name VARCHAR(128), principal_id VARCHAR(128), principal_name VARCHAR(128), principal_type VARCHAR(32), is_pim_eligible BOOLEAN, transitive_member_ids JSONB","Identify standard users, guest accounts, or service principals assigned critical administrative roles (Global Admin).","Total user accounts, groups, and applications manageable by principal via direct or PIM eligible admin roles.","T1098 (Account Manipulation), T1078 (Valid Accounts)","D3-IAM (Identity & Access Management), D3-POA (Policy Access Control)","Added 'is_pim_eligible' and 'transitive_member_ids' to include Privileged Identity Management (PIM) blast radius."
"NEW","Entra ID","Group & Directory Architecture","Entra ID Security & Dynamic Groups","GroupId, DisplayName, GroupTypes, SecurityEnabled, MemberIDs, OwnerIDs, DynamicMembershipRules","GET https://graph.microsoft.com/v1.0/groups?$expand=members","JSON","Entra ID Security Groups, M365 Groups, Dynamic Membership rules, Group Members, Group Owners","API: GET /v1.0/groups?$expand=members (MS Graph API)","entra_groups","group_id VARCHAR(128) PRIMARY KEY, display_name VARCHAR(128), group_type VARCHAR(32), is_security_enabled BOOLEAN, dynamic_rule TEXT, member_ids JSONB, owner_ids JSONB","Identify dynamic security groups with broad membership rules assigning administrative roles or Conditional Access exclusions.","Number of identities inheriting access or policy exclusions if group membership is manipulated.","T1098 (Account Manipulation), T1078 (Valid Accounts)","D3-IAM (Identity & Access Management), D3-POA (Policy Access Control)","Requires MS Graph permission 'Group.Read.All'."
"EXISTING","Entra ID Protection","Threat Detection","User Identity Risk Detections","RiskId, UserPrincipalName, RiskState, RiskLevel, RiskEventType, DetectionTiming, Source","GET https://graph.microsoft.com/v1.0/identityProtection/riskDetections","JSON","Risk Detections, UserPrincipalNames, Risk States, Risk Levels, Detection timings","API: GET /v1.0/identityProtection/riskDetections","entra_risk_detections","risk_id VARCHAR(128) PRIMARY KEY, user_principal_name VARCHAR(128), risk_state VARCHAR(32), risk_level VARCHAR(16), risk_event_type VARCHAR(128), detection_time TIMESTAMP, source VARCHAR(64)","Identify user accounts with un-remediated risk levels of Medium or High, suggesting active token hijacking.","Blast radius scope: Identifies compromised identity entry points capable of launching tenant-wide lateral movement.","T1110 (Brute Force), T1539 (Steal Web Session Cookie)","D3-UEBA (User & Entity Behavior Analytics), D3-ITA (Identity Threat Analysis)","Already existing in base spec; establishes identity risk status."
"NEW","Entra ID Protection","Threat Detection","Risky Users & Service Principals","UserPrincipalName, RiskLevel, RiskDetail, TransitiveRiskScore, ImpactedAppsCount, RiskLastUpdated","GET https://graph.microsoft.com/v1.0/identityProtection/riskyUsers && GET /v1.0/identityProtection/riskyServicePrincipals","JSON","Risky Users list, Risky Service Principals list, Risk details, Risk level histories","API: GET /v1.0/identityProtection/riskyUsers & GET /v1.0/identityProtection/riskyServicePrincipals","entra_risky_entities","entity_id VARCHAR(128) PRIMARY KEY, entity_name VARCHAR(128), entity_type VARCHAR(32), risk_level VARCHAR(16), risk_detail VARCHAR(128), impacted_apps_count INT, risk_last_updated TIMESTAMP","Identify high-risk Service Principals or Executive accounts with un-remediated risk state operating in production.","Count of enterprise M365 apps and Azure subscriptions directly accessible via high-risk entity.","T1110 (Brute Force), T1078 (Valid Accounts)","D3-UEBA (User & Entity Behavior Analytics), D3-ITA (Identity Threat Analysis)","Requires Entra ID P2 license and 'IdentityRiskyUser.Read.All'."
"NEW","Defender for Identity","Identity Threat Detection","Lateral Movement Paths (LMP)","SourceIdentity, TargetIdentity, HopCount, IntermediateDevices, SensitiveAccountFlag, PathType","GET https://graph.microsoft.com/v1.0/security/identities/lateralMovementPaths (via MS Defender API / Sentinel)","JSON","Lateral Movement Paths, Source Entities, Target Sensitive Entities, Hop Counts, Intermediate Computer IDs","API: GET /v1.0/security/identities/lateralMovementPaths OR MS Defender XDR GraphQL API","defender_lateral_movement_paths","path_id VARCHAR(128) PRIMARY KEY, source_entity VARCHAR(128), target_entity VARCHAR(128), hop_count INT, intermediate_devices JSONB, is_target_sensitive BOOLEAN","Identify non-sensitive user accounts with direct, un-mitigated 1-hop or 2-hop lateral movement paths to Domain Admins.","Calculates exact chain of compromised computers and local admin credentials required to reach Domain Controller.","T1078 (Valid Accounts), T1021 (Remote Services)","D3-ITA (Identity Threat Analysis), D3-ANOM (Anomaly Detection)","Requires Microsoft Defender for Identity sensor deployment on Domain Controllers."
"CHANGED","Defender for Identity","Threat Detection","Domain Security Alerts & Compromised Entities","AlertId, Title, Severity, Status, Evidence, CompromisedHostIP, TargetServiceAccount, CompromisedTicket","GET https://graph.microsoft.com/v1.0/security/alerts?$filter=vendorInformation/provider eq 'Defender for Identity'","JSON","Alert ID, Title, Severity, Category, Status, Evidence (User, Computer, IP), Target Accounts, Kerberos Ticket Hashes","API: GET /v1.0/security/alerts (MS Graph Security API)","defender_identity_alerts","alert_id VARCHAR(128) PRIMARY KEY, title VARCHAR(256), severity VARCHAR(16), category VARCHAR(64), status VARCHAR(32), impacted_user VARCHAR(128), impacted_computer VARCHAR(128), target_service_account VARCHAR(128), mitre_techniques JSONB","Verify all Active Directory-level threat detections (e.g. Kerberoasting, DCSync) are actively reviewed and closed.","Calculate blast radius by connecting alert evidence (compromised host/user) to active Lateral Movement Paths.","T1558 (Kerberoasting / Golden Ticket), T1003.006 (DCSync)","D3-ANOM (Anomaly Detection), D3-ITA (Identity Threat Analysis)","Added 'target_service_account' and 'compromised_ticket' to resolve attack propagation targets."
"NEW","Wiz.io CSPM","Graph Security","Wiz Cloud Security Graph Search","SourceResourceID, TargetResourceID, RelationshipType (CONNECTS_TO, CAN_ASSUME, EXPOSES_SECRET_TO), VulnerabilitySeverity","POST https://api.wiz.io/graphql (Query: graphSearch)","JSON","Cloud Graph Nodes, Edges, Relationships (Public IP -> VM -> Managed Identity -> S3 Bucket), Risk Vectors","GraphQL API: POST https://api.wiz.io/graphql (Query: graphSearch)","wiz_cloud_graph","edge_id VARCHAR(256) PRIMARY KEY, source_resource_id VARCHAR(128), target_resource_id VARCHAR(128), relationship_type VARCHAR(64), risk_severity VARCHAR(16), raw_edge JSONB","Identify toxic combination paths starting from public internet exposure to internal high-value database assets.","Graph traversal score: Total count of cloud nodes and data stores downstream from vulnerable entry asset.","T1190 (Exploit Public-Facing Application), T1078 (Valid Accounts)","D3-CHA (Cloud Hygiene Assessment), D3-CVA (Configuration Vulnerability Assessment)","Requires Wiz API Client with access to Cloud Graph GraphQL schema."
"CHANGED","Wiz.io CSPM","Vulnerability Management","Toxic Combinations & Exposed Secret Stores","IssueId, Title, Severity, Status, EntityId, ExposedSecretTypes, PublicNetworkRouteId, DownstreamDBs","POST https://api.wiz.io/graphql (Query: issues)","JSON","Issues, Severity, Status, Toxic Combination categories, Exposed Secret Types, Network Exposure details","GraphQL API Query: POST https://api.wiz.io/graphql (Query: issues)","wiz_issues","issue_id VARCHAR(128) PRIMARY KEY, title VARCHAR(256), severity VARCHAR(16), status VARCHAR(32), entity_id VARCHAR(128), entity_name VARCHAR(128), entity_type VARCHAR(64), exposed_secret_types JSONB, downstream_dbs JSONB, toxic_combination_tags JSONB","Verify zero open high/critical issues, specifically VMs containing exposed secrets and public network routes.","Sum of exposed API keys, SSH keys, and accessible downstream database entities associated with issue.","T1190 (Exploit Public-Facing Application), T1552 (Unsecured Credentials)","D3-CHA (Cloud Hygiene Assessment), D3-CVA (Configuration Vulnerability Assessment)","Added 'exposed_secret_types' and 'downstream_dbs' to compute data exposure blast radius."
"CHANGED","Control Libraries","Compliance Standards","Asset Compliance Coverage & Criticality","BenchmarkID, Version, TargetHost, RuleID, Result, ImpactScore, AssetCriticalityLevel, DataClassification","CIS-CAT tool runs or custom JSON checklist reports","XML / JSON / CSV","Benchmark ID, Target Host, Rule ID, Result (PASS/FAIL), Asset Criticality Level, Data Classification (PII/PCI)","CLI: cis-cat-full.sh / cis-cat.bat OR OpenSCAP: oscap xccdf eval","compliance_benchmark_reports","report_id VARCHAR(128) PRIMARY KEY, host_id VARCHAR(128), benchmark_name VARCHAR(128), rule_id VARCHAR(128), rule_title VARCHAR(256), result VARCHAR(16), impact_score INT, asset_criticality VARCHAR(16), data_classification VARCHAR(16), failed_reason TEXT","Identify host and network platforms where system configuration drifts from established hardening frameworks.","Blast radius weight multiplier: Computes blast radius score weighted by asset criticality (Production vs Dev).","M1047 (Audit), M1028 (OS Hardening)","D3-SPH (System Policy Hardening), D3-SCA (Security Control Auditing)","Added 'asset_criticality' and 'data_classification' to weight blast radius calculation."
"EXISTING","Control Libraries","Compliance Standards","CIS System Baseline Reports","BenchmarkID, Version, TargetHost, RuleID, RuleTitle, Result, ImpactScore, Rationale","CIS-CAT tool runs or custom JSON checklist reports","XML / JSON / CSV","Benchmark ID, Version, Target Host, Rule ID, Result, Impact Score","CLI: cis-cat-full.sh / cis-cat.bat -r <out_dir>","compliance_benchmark_reports","report_id VARCHAR(128) PRIMARY KEY, host_id VARCHAR(128), benchmark_name VARCHAR(128), rule_id VARCHAR(128), rule_title VARCHAR(256), result VARCHAR(16), impact_score INT, failed_reason TEXT","Identify host and network platforms where system configuration drifts from established hardening frameworks.","Blast radius scope: Quantifies compliance failure rate across host inventory.","M1047 (Audit), M1028 (OS Hardening)","D3-SPH (System Policy Hardening), D3-SCA (Security Control Auditing)","Already existing in base spec; defines baseline compliance posture."
"NEW","EDR / OS Telemetry","Host Network Telemetry","Active Sockets & Network Connections","SourceIP, SourcePort, DestinationIP, DestinationPort, Protocol, ProcessName, ProcessId, User, Direction","Windows Event Log ID 5156 / Sysmon Event ID 3 / EDR Telemetry API","EVTX / JSON / CEF","Network Connection events, Source/Destination IP Sockets, Initiating Process Name, User Context","PowerShell: Get-WinEvent -FilterHashtable @{LogName='Microsoft-Windows-Sysmon/Operational';ID=3} OR EDR Stream","edr_network_connections","event_id VARCHAR(128) PRIMARY KEY, host_name VARCHAR(128), timestamp TIMESTAMP, source_ip VARCHAR(32), destination_ip VARCHAR(32), destination_port INT, protocol VARCHAR(16), process_name VARCHAR(256), process_id INT, user_account VARCHAR(128)","Scan for processes establishing active outbound connections to external malicious IPs or internal remote admin ports.","Construct active network connection graph to identify live lateral movement propagation targets.","T1071 (Application Layer Protocol), T1021 (Remote Services)","D3-NTM (Network Traffic Monitoring), D3-PSA (Process Segment Analysis)","Requires Sysmon Event ID 3 or EDR telemetry agent enabled on host endpoints."
"CHANGED","EDR / OS Telemetry","Host Activity Telemetry","Process Execution & Parent-Child Trees","EventID, TimeCreated, ProcessId, NewProcessName, ParentProcessName, CommandLine, ProcessTreeId, NetworkFlag","Windows Event Log ID 4688 / Sysmon Event ID 1","EVTX / JSON / CEF","EventID, TimeCreated, Computer, ProcessId, NewProcessName, ParentProcessName, CommandLine, User, ProcessGuid, ParentProcessGuid","PowerShell: Get-WinEvent -FilterHashtable @{LogName='Security';ID=4688} OR EDR API","edr_process_events","event_id VARCHAR(128) PRIMARY KEY, host_name VARCHAR(128), timestamp TIMESTAMP, process_name VARCHAR(256), parent_process VARCHAR(256), command_line TEXT, user_account VARCHAR(128), process_guid VARCHAR(128), parent_process_guid VARCHAR(128), is_network_initiated BOOLEAN","Scan for instances of cmd.exe or powershell.exe spawned directly by office products or web servers.","Build process lineage tree (parent -> child -> grandchild) to calculate endpoint process execution blast radius.","T1059.001 (PowerShell), T1059.003 (Windows Command Shell), T1204 (User Execution)","D3-PSA (Process Segment Analysis), D3-PEA (Process Execution Analysis)","Added 'process_guid', 'parent_process_guid', and 'is_network_initiated' to build process trees."
"EXISTING","EDR / OS Telemetry","Host Activity Telemetry","Script Block Logging","EventID, TimeCreated, Computer, ScriptBlockId, ScriptBlockText, Path, User, IsEncodedFlag","Windows Event Log ID 4104 (PowerShell Script Block)","EVTX / JSON","EventID, TimeCreated, Computer, ScriptBlockId, ScriptBlockText, Path, User","PowerShell: Get-WinEvent -FilterHashtable @{LogName='Microsoft-Windows-PowerShell/Operational';ID=4104}","edr_powershell_scriptblocks","event_id VARCHAR(128) PRIMARY KEY, host_name VARCHAR(128), timestamp TIMESTAMP, script_block_id VARCHAR(128), script_content TEXT, user_account VARCHAR(128), contains_obfuscation BOOLEAN","Identify commands containing base64 obfuscation ('-enc') or bypassing security execution policies.","Blast radius scope: Identifies malicious script execution context across host endpoints.","T1059.001 (PowerShell), T1027 (Obfuscated Files)","D3-SBA (Script Block Analysis), D3-SAA (Script Analysis & Auditing)","Already existing in base spec; provides script execution forensic payload."
"EXISTING","EDR / OS Telemetry","Auditing & Logging","Registry & System File Auditing","EventID, TimeCreated, Computer, ProcessName, TargetObject, Details, OperationType, User","Windows Event ID 4657 / Sysmon Event ID 13","EVTX / JSON","EventID, TimeCreated, Computer, ProcessName, TargetObject, Details, OperationType, User","PowerShell: Get-WinEvent -FilterHashtable @{LogName='Security';ID=4657}","edr_registry_file_audits","event_id VARCHAR(128) PRIMARY KEY, host_name VARCHAR(128), timestamp TIMESTAMP, process_name VARCHAR(256), target_object VARCHAR(512), operation_type VARCHAR(32), user_account VARCHAR(128)","Monitor attempts by non-system processes to read LSASS process memory or modify logon helper DLL registry keys.","Blast radius scope: Identifies host persistence mechanisms and credential theft points.","T1003.001 (LSASS Memory), T1547.001 (Registry Run Keys)","D3-MMP (Memory Protection), D3-RMA (Registry Modification Analysis)","Already existing in base spec; monitors system registry and LSASS integrity."
